obs_name,source_gse_id,phase1_selection_reason,phase1_annotation_label,phase1_contam_score,phase1_t_score,phase1_gd_score,phase1_nk_score,phase1_t_hits,phase1_gd_hits,phase1_nk_hits,phase1_nk_strong_hits,phase1_total_hits,phase1b_remove_obvious_non_tnk,phase1b_remove_high_conf_doublet,phase1b_remove,phase1b_remove_reason
GSE125527__CAGCATACACGACTCG-2,GSE125527,annotation_only,unknown,1.6057489,0.0,0.0,0.0,0,0,0,0,0,True,False,True,obvious_non_tnk
GSE125527__AGGTCATGTAATTGGA-10,GSE125527,annotation_only,T,1.6581111,0.0,0.0,0.0,0,0,0,0,0,True,False,True,obvious_non_tnk
GSE168163__AAGCCGCAGACGCTTT,GSE168163,annotation_only,CD3+,1.5042609,0.0,0.0,0.0,0,0,0,0,0,True,False,True,obvious_non_tnk
GSE168163__CTACCCATCCCTTGCA,GSE168163,annotation_only,CD3+,1.7234806,0.0,0.0,0.0,0,0,0,0,0,True,False,True,obvious_non_tnk
GSE168163__S2_AACGTTGGTGGTCTCG,GSE168163,annotation_only,CD3+,1.5109848,0.0,0.0,0.0,0,0,0,0,0,True,False,True,obvious_non_tnk
GSE168163__S2_ACACCCTCACTAGTAC,GSE168163,annotation_only,CD3+,1.760474,0.0,0.0,0.0,0,0,0,0,0,True,False,True,obvious_non_tnk
GSE168163__S2_CGACTTCGTTCCAACA,GSE168163,annotation_only,CD3+,1.5110505,0.0,0.0,0.0,0,0,0,0,0,True,False,True,obvious_non_tnk
GSE168163__S2_GGCAATTGTCCATCCT,GSE168163,annotation_only,CD3+,1.6125073,0.0,0.0,0.0,0,0,0,0,0,True,False,True,obvious_non_tnk
GSE168163__S2_GTTACAGAGTGTTTGC,GSE168163,annotation_only,CD3+,1.6508969,0.0,0.0,0.0,0,0,0,0,0,True,False,True,obvious_non_tnk
GSE168163__S2_TTTCCTCAGCGAAGGG,GSE168163,annotation_only,CD3+,1.64318,0.0,0.0,0.0,0,0,0,0,0,True,False,True,obvious_non_tnk
GSE168163__S3_AAACCTGAGTTGAGTA,GSE168163,annotation_only,CD3+,1.6021676,0.0,0.0,0.0,0,0,0,0,0,True,False,True,obvious_non_tnk
GSE168163__S3_AACCGCGTCCAGAAGG,GSE168163,annotation_only,CD3+,1.6366808,0.0,0.0,0.0,0,0,0,0,0,True,False,True,obvious_non_tnk
GSE168163__S3_AAGGTTCGTTAGTGGG,GSE168163,annotation_only,CD3+,1.5667319,0.0,0.0,0.0,0,0,0,0,0,True,False,True,obvious_non_tnk
GSE168163__S3_AGGGATGTCGGTGTTA,GSE168163,annotation_only,CD3+,1.6309719,0.0,0.0,0.0,0,0,0,0,0,True,False,True,obvious_non_tnk
GSE168163__S3_ATTATCCGTCCAGTAT,GSE168163,annotation_only,CD3+,1.708506,0.0,0.0,0.0,0,0,0,0,0,True,False,True,obvious_non_tnk
GSE168163__S3_CCTATTAAGTCGTTTG,GSE168163,annotation_only,CD3+,1.5218915,0.0,0.0,0.0,0,0,0,0,0,True,False,True,obvious_non_tnk
GSE168163__S3_CGAATGTTCACAGGCC,GSE168163,annotation_only,CD3+,1.6149497,0.0,0.0,0.0,0,0,0,0,0,True,False,True,obvious_non_tnk
GSE168163__S3_CTGATAGGTAAACACA,GSE168163,annotation_only,CD3+,1.7429638,0.0,0.0,0.0,0,0,0,0,0,True,False,True,obvious_non_tnk
GSE168163__S3_CTGTGCTAGGTGCTAG,GSE168163,annotation_only,CD3+,1.5266162,0.0,0.0,0.0,0,0,0,0,0,True,False,True,obvious_non_tnk
GSE168163__S3_GAACATCCAATGAAAC,GSE168163,annotation_only,CD3+,1.5108438,0.0,0.0,0.0,0,0,0,0,0,True,False,True,obvious_non_tnk
GSE168163__S3_GACGCGTGTAAATGTG,GSE168163,annotation_only,CD3+,1.639524,0.0,0.0,0.0,0,0,0,0,0,True,False,True,obvious_non_tnk
GSE168163__S3_GACGTTAAGTACTTGC,GSE168163,annotation_only,CD3+,1.6276344,0.0,0.0,0.0,0,0,0,0,0,True,False,True,obvious_non_tnk
GSE168163__S3_GATCGCGTCACCGTAA,GSE168163,annotation_only,CD3+,1.5046245,0.0,0.0,0.0,0,0,0,0,0,True,False,True,obvious_non_tnk
GSE168163__S3_GCGAGAACATGGTTGT,GSE168163,annotation_only,CD3+,1.6154863,0.0,0.0,0.0,0,0,0,0,0,True,False,True,obvious_non_tnk
GSE168163__S3_GCTGCAGCAACGATCT,GSE168163,annotation_only,CD3+,1.7330575,0.0,0.0,0.0,0,0,0,0,0,True,False,True,obvious_non_tnk
GSE168163__S3_GGAATAAAGTGTACGG,GSE168163,annotation_only,CD3+,1.5273696,0.0,0.0,0.0,0,0,0,0,0,True,False,True,obvious_non_tnk
GSE168163__S3_GTCTTCGAGACTTTCG,GSE168163,annotation_only,CD3+,1.5377009,0.0,0.0,0.0,0,0,0,0,0,True,False,True,obvious_non_tnk
GSE168163__S3_TAAGAGATCTACGAGT,GSE168163,annotation_only,CD3+,1.5139372,0.0,0.0,0.0,0,0,0,0,0,True,False,True,obvious_non_tnk
GSE168163__S3_TACCTTAAGGCCCTTG,GSE168163,annotation_only,CD3+,1.7487842,0.0,0.0,0.0,0,0,0,0,0,True,False,True,obvious_non_tnk
GSE168163__S3_TCAGGATTCACTTACT,GSE168163,annotation_only,CD3+,1.6021465,0.0,0.0,0.0,0,0,0,0,0,True,False,True,obvious_non_tnk
GSE168163__S3_TCATTACCAAGTAATG,GSE168163,annotation_only,CD3+,1.662505,0.0,0.0,0.0,0,0,0,0,0,True,False,True,obvious_non_tnk
GSE168163__S3_TGCGGGTTCGGTCTAA,GSE168163,annotation_only,CD3+,1.6017486,0.0,0.0,0.0,0,0,0,0,0,True,False,True,obvious_non_tnk
GSE168163__S3_TTTGCGCGTGCATCTA,GSE168163,annotation_only,CD3+,1.5737557,0.0,0.0,0.0,0,0,0,0,0,True,False,True,obvious_non_tnk
GSE168163__S4_AACTTTCCATCTCGCT,GSE168163,annotation_only,CD3+,1.5353221,0.0,0.0,0.0,0,0,0,0,0,True,False,True,obvious_non_tnk
GSE168163__S4_AAGGAGCGTATGAATG,GSE168163,annotation_only,CD3+,1.5221808,0.0,0.0,0.0,0,0,0,0,0,True,False,True,obvious_non_tnk
GSE168163__S4_CATCAGAGTTCTGAAC,GSE168163,annotation_only,CD3+,1.5224868,0.0,0.0,0.0,0,0,0,0,0,True,False,True,obvious_non_tnk
GSE168163__S4_CGAGCACCATCCCATC,GSE168163,annotation_only,CD3+,1.7197112,0.0,0.0,0.0,0,0,0,0,0,True,False,True,obvious_non_tnk
GSE168163__S4_CTTTGCGAGTGGGCTA,GSE168163,annotation_only,CD3+,1.5300082,0.0,0.0,0.0,0,0,0,0,0,True,False,True,obvious_non_tnk
GSE168163__S4_GCGCAGTTCAGCTGGC,GSE168163,annotation_only,CD3+,1.7832552,0.0,0.0,0.0,0,0,0,0,0,True,False,True,obvious_non_tnk
GSE168163__S4_GTCGTAAGTGACTCAT,GSE168163,annotation_only,CD3+,1.6675662,0.0,0.0,0.0,0,0,0,0,0,True,False,True,obvious_non_tnk
GSE168163__S4_TAGCCGGAGGAATGGA,GSE168163,annotation_only,CD3+,1.5680667,0.0,0.0,0.0,0,0,0,0,0,True,False,True,obvious_non_tnk
GSE168163__S4_TCTATTGAGAATTGTG,GSE168163,annotation_only,CD3+,1.5070581,0.0,0.0,0.0,0,0,0,0,0,True,False,True,obvious_non_tnk
GSE168163__S4_TCTATTGTCACAATGC,GSE168163,annotation_only,CD3+,1.5172064,0.0,0.0,0.0,0,0,0,0,0,True,False,True,obvious_non_tnk
GSE168163__S4_TTGGCAAGTCCCTACT,GSE168163,annotation_only,CD3+,1.6115443,0.0,0.0,0.0,0,0,0,0,0,True,False,True,obvious_non_tnk
GSE168163__S8_ACATACGCAATGTTGC,GSE168163,annotation_only,CD3+,1.5273986,0.0,0.0,0.0,0,0,0,0,0,True,False,True,obvious_non_tnk
GSE168163__S9_AAAGATGTCGAGAACG,GSE168163,annotation_only,CD3+,1.6380197,0.0,0.0,0.0,0,0,0,0,0,True,False,True,obvious_non_tnk
GSE168163__S9_ACTATCTCAAGCGCTC,GSE168163,annotation_only,CD3+,1.5109489,0.0,0.0,0.0,0,0,0,0,0,True,False,True,obvious_non_tnk
GSE168163__S9_ATCACGAGTGTGACCC,GSE168163,annotation_only,CD3+,1.6711993,0.0,0.0,0.0,0,0,0,0,0,True,False,True,obvious_non_tnk
GSE168163__S9_CCTTTCTCAGCCACCA,GSE168163,annotation_only,CD3+,1.5021719,0.0,0.0,0.0,0,0,0,0,0,True,False,True,obvious_non_tnk
GSE168163__S9_CGTCACTAGCCCAATT,GSE168163,annotation_only,CD3+,1.547787,0.0,0.0,0.0,0,0,0,0,0,True,False,True,obvious_non_tnk
GSE168163__S9_CTACACCGTGCTGTAT,GSE168163,annotation_only,CD3+,1.6196523,0.0,0.0,0.0,0,0,0,0,0,True,False,True,obvious_non_tnk
GSE168163__S9_CTACCCACACGGTGTC,GSE168163,annotation_only,CD3+,1.6149731,0.0,0.0,0.0,0,0,0,0,0,True,False,True,obvious_non_tnk
GSE168163__S9_GATGCTATCGGCGCAT,GSE168163,annotation_only,CD3+,1.5384511,0.0,0.0,0.0,0,0,0,0,0,True,False,True,obvious_non_tnk
GSE168163__S9_GCGGGTTGTAAGTTCC,GSE168163,annotation_only,CD3+,1.5672334,0.0,0.0,0.0,0,0,0,0,0,True,False,True,obvious_non_tnk
GSE168163__S9_GCTGCAGAGTACGCCC,GSE168163,annotation_only,CD3+,1.5292901,0.0,0.0,0.0,0,0,0,0,0,True,False,True,obvious_non_tnk
GSE168163__S9_TCAACGAAGATCCGAG,GSE168163,annotation_only,CD3+,1.6987078,0.0,0.0,0.0,0,0,0,0,0,True,False,True,obvious_non_tnk
GSE168163__S9_TTTGCGCGTACATCCA,GSE168163,annotation_only,CD3+,1.6490436,0.0,0.0,0.0,0,0,0,0,0,True,False,True,obvious_non_tnk
GSE168163__S10_AGGTCATTCACTCCTG,GSE168163,annotation_only,CD3+,1.5079411,0.0,0.0,0.0,0,0,0,0,0,True,False,True,obvious_non_tnk
GSE168163__S10_ATGTGTGTCAGAGACG,GSE168163,annotation_only,CD3+,1.5583602,0.0,0.0,0.0,0,0,0,0,0,True,False,True,obvious_non_tnk
GSE168163__S10_ATTGGTGCAAGGACTG,GSE168163,annotation_only,CD3+,1.5853004,0.0,0.0,0.0,0,0,0,0,0,True,False,True,obvious_non_tnk
GSE168163__S10_CACCAGGTCCTTAATC,GSE168163,annotation_only,CD3+,1.6023849,0.0,0.0,0.0,0,0,0,0,0,True,False,True,obvious_non_tnk
GSE168163__S10_CAGAATCTCTCGCATC,GSE168163,annotation_only,CD3+,1.620682,0.0,0.0,0.0,0,0,0,0,0,True,False,True,obvious_non_tnk
GSE168163__S10_CCGTGGAGTTTACTCT,GSE168163,annotation_only,CD3+,1.5759163,0.0,0.0,0.0,0,0,0,0,0,True,False,True,obvious_non_tnk
GSE168163__S10_CCTTACGTCCGATATG,GSE168163,annotation_only,CD3+,1.5799277,0.0,0.0,0.0,0,0,0,0,0,True,False,True,obvious_non_tnk
GSE168163__S10_CCTTACGTCTGGCGAC,GSE168163,annotation_only,CD3+,1.5261048,0.0,0.0,0.0,0,0,0,0,0,True,False,True,obvious_non_tnk
GSE168163__S10_CCTTCCCAGGTAGCTG,GSE168163,annotation_only,CD3+,1.5613523,0.0,0.0,0.0,0,0,0,0,0,True,False,True,obvious_non_tnk
GSE168163__S10_CGTCAGGAGAGTGACC,GSE168163,annotation_only,CD3+,1.9079213,0.0,0.0,0.0,0,0,0,0,0,True,False,True,obvious_non_tnk
GSE168163__S10_GACGTGCAGAAGGTTT,GSE168163,annotation_only,CD3+,1.5147756,0.0,0.0,0.0,0,0,0,0,0,True,False,True,obvious_non_tnk
GSE168163__S10_GAGCAGAAGTCATGCT,GSE168163,annotation_only,CD3+,1.5954666,0.0,0.0,0.0,0,0,0,0,0,True,False,True,obvious_non_tnk
GSE168163__S10_GATCGTATCATGGTCA,GSE168163,annotation_only,CD3+,1.5121119,0.0,0.0,0.0,0,0,0,0,0,True,False,True,obvious_non_tnk
GSE168163__S10_GGATGTTGTTATGTGC,GSE168163,annotation_only,CD3+,1.6814201,0.0,0.0,0.0,0,0,0,0,0,True,False,True,obvious_non_tnk
GSE168163__S10_GTACTTTGTTCCCTTG,GSE168163,annotation_only,CD3+,1.6274415,0.0,0.0,0.0,0,0,0,0,0,True,False,True,obvious_non_tnk
GSE168163__S10_TCAACGAAGGAATTAC,GSE168163,annotation_only,CD3+,1.5049111,0.0,0.0,0.0,0,0,0,0,0,True,False,True,obvious_non_tnk
GSE168163__S10_TGCGGGTAGACAAGCC,GSE168163,annotation_only,CD3+,1.8343421,0.0,0.0,0.0,0,0,0,0,0,True,False,True,obvious_non_tnk
GSE168163__S11_ACTGAACAGCTCCTTC,GSE168163,annotation_only,CD3+,1.5298961,0.0,0.0,0.0,0,0,0,0,0,True,False,True,obvious_non_tnk
GSE168163__S11_ACTGATGTCCTTCAAT,GSE168163,annotation_only,CD3+,1.5974045,0.0,0.0,0.0,0,0,0,0,0,True,False,True,obvious_non_tnk
GSE168163__S11_AGGCCGTCATGTTCCC,GSE168163,annotation_only,CD3+,1.6048737,0.0,0.0,0.0,0,0,0,0,0,True,False,True,obvious_non_tnk
GSE168163__S11_AGGTCATTCGGCTACG,GSE168163,annotation_only,CD3+,1.5370653,0.0,0.0,0.0,0,0,0,0,0,True,False,True,obvious_non_tnk
GSE168163__S11_AGTTGGTCAGTGGGAT,GSE168163,annotation_only,CD3+,1.6718475,0.0,0.0,0.0,0,0,0,0,0,True,False,True,obvious_non_tnk
GSE168163__S11_CCTACACTCGTTACGA,GSE168163,annotation_only,CD3+,1.5016872,0.0,0.0,0.0,0,0,0,0,0,True,False,True,obvious_non_tnk
GSE168163__S11_CGGACACTCAACGAAA,GSE168163,annotation_only,CD3+,1.6655087,0.0,0.0,0.0,0,0,0,0,0,True,False,True,obvious_non_tnk
GSE168163__S11_CTTAACTGTGTTCGAT,GSE168163,annotation_only,CD3+,1.559183,0.0,0.0,0.0,0,0,0,0,0,True,False,True,obvious_non_tnk
GSE168163__S11_GAATGAACATCGTCGG,GSE168163,annotation_only,CD3+,1.5008487,0.0,0.0,0.0,0,0,0,0,0,True,False,True,obvious_non_tnk
GSE168163__S11_GCAATCATCGGATGTT,GSE168163,annotation_only,CD3+,1.5387061,0.0,0.0,0.0,0,0,0,0,0,True,False,True,obvious_non_tnk
GSE168163__S11_GCATGATTCCGCGCAA,GSE168163,annotation_only,CD3+,1.5041245,0.0,0.0,0.0,0,0,0,0,0,True,False,True,obvious_non_tnk
GSE168163__S11_GGAGCAAGTTTGTGTG,GSE168163,annotation_only,CD3+,1.5876641,0.0,0.0,0.0,0,0,0,0,0,True,False,True,obvious_non_tnk
GSE168163__S11_GTGAAGGAGATCCGAG,GSE168163,annotation_only,CD3+,1.6520177,0.0,0.0,0.0,0,0,0,0,0,True,False,True,obvious_non_tnk
GSE168163__S11_GTTCGGGGTCAACATC,GSE168163,annotation_only,CD3+,1.7359521,0.0,0.0,0.0,0,0,0,0,0,True,False,True,obvious_non_tnk
GSE168163__S11_TAGTGGTTCTCTGAGA,GSE168163,annotation_only,CD3+,1.7348514,0.0,0.0,0.0,0,0,0,0,0,True,False,True,obvious_non_tnk
GSE168163__S11_TCAGGTAGTGACGCCT,GSE168163,annotation_only,CD3+,1.5153041,0.0,0.0,0.0,0,0,0,0,0,True,False,True,obvious_non_tnk
GSE168163__S11_TCGCGTTCATCAGTAC,GSE168163,annotation_only,CD3+,1.558318,0.0,0.0,0.0,0,0,0,0,0,True,False,True,obvious_non_tnk
GSE168163__S11_TGGTTCCGTCCGCTGA,GSE168163,annotation_only,CD3+,1.5678174,0.0,0.0,0.0,0,0,0,0,0,True,False,True,obvious_non_tnk
GSE168163__S12_AACCATGGTGCTCTTC,GSE168163,annotation_only,CD3+,1.5993812,0.0,0.0,0.0,0,0,0,0,0,True,False,True,obvious_non_tnk
GSE168163__S12_AGAATAGTCACCGTAA,GSE168163,annotation_only,CD3+,1.6125298,0.0,0.0,0.0,0,0,0,0,0,True,False,True,obvious_non_tnk
GSE168163__S12_AGGCCACTCCGGGTGT,GSE168163,annotation_only,CD3+,1.5420039,0.0,0.0,0.0,0,0,0,0,0,True,False,True,obvious_non_tnk
GSE168163__S12_AGTGGGAGTCTTGATG,GSE168163,annotation_only,CD3+,1.7151017,0.0,0.0,0.0,0,0,0,0,0,True,False,True,obvious_non_tnk
GSE168163__S12_CATCCACCAAACGTGG,GSE168163,annotation_only,CD3+,1.5572915,0.0,0.0,0.0,0,0,0,0,0,True,False,True,obvious_non_tnk
GSE168163__S12_GAGGTGAAGTCATGCT,GSE168163,annotation_only,CD3+,1.5191605,0.0,0.0,0.0,0,0,0,0,0,True,False,True,obvious_non_tnk
GSE168163__S12_GGAGCAAAGACACTAA,GSE168163,annotation_only,CD3+,1.5214261,0.0,0.0,0.0,0,0,0,0,0,True,False,True,obvious_non_tnk
GSE168163__S12_TCAGGATAGACAGAGA,GSE168163,annotation_only,CD3+,1.5397097,0.0,0.0,0.0,0,0,0,0,0,True,False,True,obvious_non_tnk
GSE168163__S12_TGAAAGACATGCAATC,GSE168163,annotation_only,CD3+,1.5955502,0.0,0.0,0.0,0,0,0,0,0,True,False,True,obvious_non_tnk
GSE168163__S12_TGCTACCAGACTGTAA,GSE168163,annotation_only,CD3+,1.5344718,0.0,0.0,0.0,0,0,0,0,0,True,False,True,obvious_non_tnk
GSE168163__S12_TGGCCAGAGTTAGGTA,GSE168163,annotation_only,CD3+,1.5579896,0.0,0.0,0.0,0,0,0,0,0,True,False,True,obvious_non_tnk
GSE168163__S12_TTCGAAGCACGAAGCA,GSE168163,annotation_only,CD3+,1.6864094,0.0,0.0,0.0,0,0,0,0,0,True,False,True,obvious_non_tnk
GSE168163__S13_AAATGCCGTCGTCTTC,GSE168163,annotation_only,CD3+,1.5202727,0.0,0.0,0.0,0,0,0,0,0,True,False,True,obvious_non_tnk
GSE168163__S13_CCTAAAGAGTGGTCCC,GSE168163,annotation_only,CD3+,1.6586015,0.0,0.0,0.0,0,0,0,0,0,True,False,True,obvious_non_tnk
GSE168163__S13_GCGACCAGTGACGCCT,GSE168163,annotation_only,CD3+,1.5673548,0.0,0.0,0.0,0,0,0,0,0,True,False,True,obvious_non_tnk
GSE168163__S15_AAAGCAACAGCGTCCA,GSE168163,annotation_only,CD3+,1.5039425,0.0,0.0,0.0,0,0,0,0,0,True,False,True,obvious_non_tnk
GSE168163__S15_AACACGTGTAGGGACT,GSE168163,annotation_only,CD3+,1.576389,0.0,0.0,0.0,0,0,0,0,0,True,False,True,obvious_non_tnk
GSE168163__S15_AACCATGGTATTACCG,GSE168163,annotation_only,CD3+,1.9566426,0.0,0.0,0.0,0,0,0,0,0,True,False,True,obvious_non_tnk
GSE168163__S15_AACGTTGAGTCCGTAT,GSE168163,annotation_only,CD3+,1.6967354,0.0,0.0,0.0,0,0,0,0,0,True,False,True,obvious_non_tnk
GSE168163__S15_AACTCCCAGGGAGTAA,GSE168163,annotation_only,CD3+,1.5866599,0.0,0.0,0.0,0,0,0,0,0,True,False,True,obvious_non_tnk
GSE168163__S15_AACTGGTAGTGGACGT,GSE168163,annotation_only,CD3+,1.7840152,0.0,0.0,0.0,0,0,0,0,0,True,False,True,obvious_non_tnk
GSE168163__S15_AAGGCAGCAACTGCTA,GSE168163,annotation_only,CD3+,1.8402495,0.0,0.0,0.0,0,0,0,0,0,True,False,True,obvious_non_tnk
GSE168163__S15_AAGGTTCAGATCCGAG,GSE168163,annotation_only,CD3+,1.5357955,0.0,0.0,0.0,0,0,0,0,0,True,False,True,obvious_non_tnk
GSE168163__S15_ACACTGACATGCAACT,GSE168163,annotation_only,CD3+,1.5195179,0.0,0.0,0.0,0,0,0,0,0,True,False,True,obvious_non_tnk
GSE168163__S15_ACCCACTTCAAGGCTT,GSE168163,annotation_only,CD3+,1.612197,0.0,0.0,0.0,0,0,0,0,0,True,False,True,obvious_non_tnk
GSE168163__S15_ACGAGGAGTCCCTTGT,GSE168163,annotation_only,CD3+,1.6834874,0.0,0.0,0.0,0,0,0,0,0,True,False,True,obvious_non_tnk
GSE168163__S15_ACGCCGAGTGTTGGGA,GSE168163,annotation_only,CD3+,1.5311648,0.0,0.0,0.0,0,0,0,0,0,True,False,True,obvious_non_tnk
GSE168163__S15_ACGCCGATCTGGTTCC,GSE168163,annotation_only,CD3+,1.8777051,0.0,0.0,0.0,0,0,0,0,0,True,False,True,obvious_non_tnk
GSE168163__S15_ACGGGCTCAACGATCT,GSE168163,annotation_only,CD3+,1.5013953,0.0,0.0,0.0,0,0,0,0,0,True,False,True,obvious_non_tnk
GSE168163__S15_ACTGAACGTAGCCTAT,GSE168163,annotation_only,CD3+,1.592652,0.0,0.0,0.0,0,0,0,0,0,True,False,True,obvious_non_tnk
GSE168163__S15_ACTGAACTCAAACAAG,GSE168163,annotation_only,CD3+,1.5032536,0.0,0.0,0.0,0,0,0,0,0,True,False,True,obvious_non_tnk
GSE168163__S15_ACTGCTCGTCCGTGAC,GSE168163,annotation_only,CD3+,1.5535488,0.0,0.0,0.0,0,0,0,0,0,True,False,True,obvious_non_tnk
GSE168163__S15_AGGCCACTCAGAGCTT,GSE168163,annotation_only,CD3+,1.5222534,0.0,0.0,0.0,0,0,0,0,0,True,False,True,obvious_non_tnk
GSE168163__S15_AGGCCGTAGATAGTCA,GSE168163,annotation_only,CD3+,1.802872,0.0,0.0,0.0,0,0,0,0,0,True,False,True,obvious_non_tnk
GSE168163__S15_AGTCTTTCATTACGAC,GSE168163,annotation_only,CD3+,1.6908463,0.0,0.0,0.0,0,0,0,0,0,True,False,True,obvious_non_tnk
GSE168163__S15_AGTGTCATCTTCTGGC,GSE168163,annotation_only,CD3+,1.5415514,0.0,0.0,0.0,0,0,0,0,0,True,False,True,obvious_non_tnk
GSE168163__S15_ATCACGAAGTGGTAGC,GSE168163,annotation_only,CD3+,1.7724924,0.0,0.0,0.0,0,0,0,0,0,True,False,True,obvious_non_tnk
GSE168163__S15_ATCCACCAGTGGTAGC,GSE168163,annotation_only,CD3+,1.520769,0.0,0.0,0.0,0,0,0,0,0,True,False,True,obvious_non_tnk
GSE168163__S15_ATCTACTGTATAAACG,GSE168163,annotation_only,CD3+,1.526631,0.0,0.0,0.0,0,0,0,0,0,True,False,True,obvious_non_tnk
GSE168163__S15_ATGAGGGCAATGGACG,GSE168163,annotation_only,CD3+,1.6226482,0.0,0.0,0.0,0,0,0,0,0,True,False,True,obvious_non_tnk
GSE168163__S15_ATGAGGGGTGAAATCA,GSE168163,annotation_only,CD3+,1.695337,0.0,0.0,0.0,0,0,0,0,0,True,False,True,obvious_non_tnk
GSE168163__S15_ATGTGTGGTTGAACTC,GSE168163,annotation_only,CD3+,1.5827718,0.0,0.0,0.0,0,0,0,0,0,True,False,True,obvious_non_tnk
GSE168163__S15_ATTCTACCAGCCTATA,GSE168163,annotation_only,CD3+,1.589242,0.0,0.0,0.0,0,0,0,0,0,True,False,True,obvious_non_tnk
GSE168163__S15_ATTTCTGCAATCCAAC,GSE168163,annotation_only,CD3+,1.7205389,0.0,0.0,0.0,0,0,0,0,0,True,False,True,obvious_non_tnk
GSE168163__S15_CAACCTCTCTCGATGA,GSE168163,annotation_only,CD3+,1.598008,0.0,0.0,0.0,0,0,0,0,0,True,False,True,obvious_non_tnk
GSE168163__S15_CAAGATCTCTGTCTAT,GSE168163,annotation_only,CD3+,1.7864149,0.0,0.0,0.0,0,0,0,0,0,True,False,True,obvious_non_tnk
GSE168163__S15_CAAGGCCAGACGCTTT,GSE168163,annotation_only,CD3+,1.6030325,0.0,0.0,0.0,0,0,0,0,0,True,False,True,obvious_non_tnk
GSE168163__S15_CAAGGCCAGTAATCCC,GSE168163,annotation_only,CD3+,1.5579529,0.0,0.0,0.0,0,0,0,0,0,True,False,True,obvious_non_tnk
GSE168163__S15_CAAGTTGGTCCCGACA,GSE168163,annotation_only,CD3+,1.5373155,0.0,0.0,0.0,0,0,0,0,0,True,False,True,obvious_non_tnk
GSE168163__S15_CACAAACCACGTTGGC,GSE168163,annotation_only,CD3+,1.6559769,0.0,0.0,0.0,0,0,0,0,0,True,False,True,obvious_non_tnk
GSE168163__S15_CACACCTAGAACTGTA,GSE168163,annotation_only,CD3+,1.6099589,0.0,0.0,0.0,0,0,0,0,0,True,False,True,obvious_non_tnk
GSE168163__S15_CACATAGCAGTCCTTC,GSE168163,annotation_only,CD3+,1.5508173,0.0,0.0,0.0,0,0,0,0,0,True,False,True,obvious_non_tnk
GSE168163__S15_CAGATCATCTGAGTGT,GSE168163,annotation_only,CD3+,1.6784968,0.0,0.0,0.0,0,0,0,0,0,True,False,True,obvious_non_tnk
GSE168163__S15_CAGCTAAGTCGTTGTA,GSE168163,annotation_only,CD3+,1.7842236,0.0,0.0,0.0,0,0,0,0,0,True,False,True,obvious_non_tnk
GSE168163__S15_CAGCTAATCCGAAGAG,GSE168163,annotation_only,CD3+,1.9159644,0.0,0.0,0.0,0,0,0,0,0,True,False,True,obvious_non_tnk
GSE168163__S15_CAGGTGCAGTTGAGTA,GSE168163,annotation_only,CD3+,1.6555916,0.0,0.0,0.0,0,0,0,0,0,True,False,True,obvious_non_tnk
GSE168163__S15_CATATTCAGGCGATAC,GSE168163,annotation_only,CD3+,1.9476237,0.0,0.0,0.0,0,0,0,0,0,True,False,True,obvious_non_tnk
GSE168163__S15_CATGACACAAAGGTGC,GSE168163,annotation_only,CD3+,1.5268136,0.0,0.0,0.0,0,0,0,0,0,True,False,True,obvious_non_tnk
GSE168163__S15_CATTATCAGCAGACTG,GSE168163,annotation_only,CD3+,1.631968,0.0,0.0,0.0,0,0,0,0,0,True,False,True,obvious_non_tnk
GSE168163__S15_CCGGTAGGTATATCCG,GSE168163,annotation_only,CD3+,1.5492965,0.0,0.0,0.0,0,0,0,0,0,True,False,True,obvious_non_tnk
GSE168163__S15_CCGTTCAGTGTGCCTG,GSE168163,annotation_only,CD3+,1.5926208,0.0,0.0,0.0,0,0,0,0,0,True,False,True,obvious_non_tnk
GSE168163__S15_CCTAAAGGTAGCTGCC,GSE168163,annotation_only,CD3+,1.7691247,0.0,0.0,0.0,0,0,0,0,0,True,False,True,obvious_non_tnk
GSE168163__S15_CCTTTCTTCTAACTTC,GSE168163,annotation_only,CD3+,1.5703206,0.0,0.0,0.0,0,0,0,0,0,True,False,True,obvious_non_tnk
GSE168163__S15_CGAACATGTCGCGGTT,GSE168163,annotation_only,CD3+,1.7261748,0.0,0.0,0.0,0,0,0,0,0,True,False,True,obvious_non_tnk
GSE168163__S15_CGAGCACAGGCATGTG,GSE168163,annotation_only,CD3+,1.5513883,0.0,0.0,0.0,0,0,0,0,0,True,False,True,obvious_non_tnk
GSE168163__S15_CGAGCACAGTAAGTAC,GSE168163,annotation_only,CD3+,1.6312727,0.0,0.0,0.0,0,0,0,0,0,True,False,True,obvious_non_tnk
GSE168163__S15_CGGACGTGTCCGTTAA,GSE168163,annotation_only,CD3+,1.7761977,0.0,0.0,0.0,0,0,0,0,0,True,False,True,obvious_non_tnk
GSE168163__S15_CGTTGGGCACAGGTTT,GSE168163,annotation_only,CD3+,1.6059554,0.0,0.0,0.0,0,0,0,0,0,True,False,True,obvious_non_tnk
GSE168163__S15_CGTTGGGCAGTATGCT,GSE168163,annotation_only,CD3+,1.6668841,0.0,0.0,0.0,0,0,0,0,0,True,False,True,obvious_non_tnk
GSE168163__S15_CGTTGGGTCAGTGCAT,GSE168163,annotation_only,CD3+,1.5722593,0.0,0.0,0.0,0,0,0,0,0,True,False,True,obvious_non_tnk
GSE168163__S15_CTAACTTGTTCTGGTA,GSE168163,annotation_only,CD3+,1.6870352,0.0,0.0,0.0,0,0,0,0,0,True,False,True,obvious_non_tnk
GSE168163__S15_CTAACTTTCGGAATCT,GSE168163,annotation_only,CD3+,1.6473553,0.0,0.0,0.0,0,0,0,0,0,True,False,True,obvious_non_tnk
GSE168163__S15_CTAAGACTCCTATTCA,GSE168163,annotation_only,CD3+,1.5068318,0.0,0.0,0.0,0,0,0,0,0,True,False,True,obvious_non_tnk
GSE168163__S15_CTTAACTAGGTGATAT,GSE168163,annotation_only,CD3+,1.5645261,0.0,0.0,0.0,0,0,0,0,0,True,False,True,obvious_non_tnk
GSE168163__S15_CTTAACTGTACTTCTT,GSE168163,annotation_only,CD3+,1.7072102,0.0,0.0,0.0,0,0,0,0,0,True,False,True,obvious_non_tnk
GSE168163__S15_CTTAGGAAGACGCAAC,GSE168163,annotation_only,CD3+,1.5633202,0.0,0.0,0.0,0,0,0,0,0,True,False,True,obvious_non_tnk
GSE168163__S15_CTTGGCTTCACTCTTA,GSE168163,annotation_only,CD3+,1.5462698,0.0,0.0,0.0,0,0,0,0,0,True,False,True,obvious_non_tnk
GSE168163__S15_GACACGCGTTGACGTT,GSE168163,annotation_only,CD3+,1.5415395,0.0,0.0,0.0,0,0,0,0,0,True,False,True,obvious_non_tnk
GSE168163__S15_GACGCGTCATCGGGTC,GSE168163,annotation_only,CD3+,1.8061363,0.0,0.0,0.0,0,0,0,0,0,True,False,True,obvious_non_tnk
GSE168163__S15_GACGTGCGTGAGGGTT,GSE168163,annotation_only,CD3+,1.5234649,0.0,0.0,0.0,0,0,0,0,0,True,False,True,obvious_non_tnk
GSE168163__S15_GACGTGCGTGTTTGGT,GSE168163,annotation_only,CD3+,1.5089064,0.0,0.0,0.0,0,0,0,0,0,True,False,True,obvious_non_tnk
GSE168163__S15_GACTACAAGTGCCATT,GSE168163,annotation_only,CD3+,1.6205183,0.0,0.0,0.0,0,0,0,0,0,True,False,True,obvious_non_tnk
GSE168163__S15_GAGTCCGAGGTGCACA,GSE168163,annotation_only,CD3+,1.555015,0.0,0.0,0.0,0,0,0,0,0,True,False,True,obvious_non_tnk
GSE168163__S15_GAGTCCGCATTATCTC,GSE168163,annotation_only,CD3+,1.5387118,0.0,0.0,0.0,0,0,0,0,0,True,False,True,obvious_non_tnk
GSE168163__S15_GATGCTATCGGTCCGA,GSE168163,annotation_only,CD3+,1.541282,0.0,0.0,0.0,0,0,0,0,0,True,False,True,obvious_non_tnk
GSE168163__S15_GCAGCCATCATCGGAT,GSE168163,annotation_only,CD3+,1.5181122,0.0,0.0,0.0,0,0,0,0,0,True,False,True,obvious_non_tnk
GSE168163__S15_GCGCAGTGTTTAGGAA,GSE168163,annotation_only,CD3+,1.681858,0.0,0.0,0.0,0,0,0,0,0,True,False,True,obvious_non_tnk
GSE168163__S15_GCGGGTTTCAGAGGTG,GSE168163,annotation_only,CD3+,1.5267702,0.0,0.0,0.0,0,0,0,0,0,True,False,True,obvious_non_tnk
GSE168163__S15_GCTGCAGCACACAGAG,GSE168163,annotation_only,CD3+,1.6537714,0.0,0.0,0.0,0,0,0,0,0,True,False,True,obvious_non_tnk
GSE168163__S15_GCTGGGTTCCGAACGC,GSE168163,annotation_only,CD3+,1.5740657,0.0,0.0,0.0,0,0,0,0,0,True,False,True,obvious_non_tnk
GSE168163__S15_GCTTGAAGTCCCTTGT,GSE168163,annotation_only,CD3+,1.6809213,0.0,0.0,0.0,0,0,0,0,0,True,False,True,obvious_non_tnk
GSE168163__S15_GGAACTTTCATCGATG,GSE168163,annotation_only,CD3+,1.8908305,0.0,0.0,0.0,0,0,0,0,0,True,False,True,obvious_non_tnk
GSE168163__S15_GGACAAGAGAGTTGGC,GSE168163,annotation_only,CD3+,1.5308086,0.0,0.0,0.0,0,0,0,0,0,True,False,True,obvious_non_tnk
GSE168163__S15_GGCAATTAGGCGCTCT,GSE168163,annotation_only,CD3+,1.6200218,0.0,0.0,0.0,0,0,0,0,0,True,False,True,obvious_non_tnk
GSE168163__S15_GGCGACTCAACTGGCC,GSE168163,annotation_only,CD3+,1.5288129,0.0,0.0,0.0,0,0,0,0,0,True,False,True,obvious_non_tnk
GSE168163__S15_GGGACCTCACGCCAGT,GSE168163,annotation_only,CD3+,1.6650481,0.0,0.0,0.0,0,0,0,0,0,True,False,True,obvious_non_tnk
GSE168163__S15_GGGTCTGCATCACCCT,GSE168163,annotation_only,CD3+,1.7958529,0.0,0.0,0.0,0,0,0,0,0,True,False,True,obvious_non_tnk
GSE168163__S15_GGGTCTGTCGATAGAA,GSE168163,annotation_only,CD3+,1.624015,0.0,0.0,0.0,0,0,0,0,0,True,False,True,obvious_non_tnk
GSE168163__S15_GGGTTGCGTTCTGTTT,GSE168163,annotation_only,CD3+,1.5179119,0.0,0.0,0.0,0,0,0,0,0,True,False,True,obvious_non_tnk
GSE168163__S15_GGTGAAGGTACCAGTT,GSE168163,annotation_only,CD3+,1.5045793,0.0,0.0,0.0,0,0,0,0,0,True,False,True,obvious_non_tnk
GSE168163__S15_GTAACGTTCCACGCAG,GSE168163,annotation_only,CD3+,1.5878061,0.0,0.0,0.0,0,0,0,0,0,True,False,True,obvious_non_tnk
GSE168163__S15_GTATCTTTCACGACTA,GSE168163,annotation_only,CD3+,1.6210057,0.0,0.0,0.0,0,0,0,0,0,True,False,True,obvious_non_tnk
GSE168163__S15_GTCATTTCACGAGGTA,GSE168163,annotation_only,CD3+,1.7526517,0.0,0.0,0.0,0,0,0,0,0,True,False,True,obvious_non_tnk
GSE168163__S15_GTCTTCGGTTAAAGAC,GSE168163,annotation_only,CD3+,1.5035123,0.0,0.0,0.0,0,0,0,0,0,True,False,True,obvious_non_tnk
GSE168163__S15_GTGCAGCAGAGCTATA,GSE168163,annotation_only,CD3+,1.5019895,0.0,0.0,0.0,0,0,0,0,0,True,False,True,obvious_non_tnk
GSE168163__S15_GTGCTTCCACATCTTT,GSE168163,annotation_only,CD3+,1.5246356,0.0,0.0,0.0,0,0,0,0,0,True,False,True,obvious_non_tnk
GSE168163__S15_GTTACAGGTGAGTGAC,GSE168163,annotation_only,CD3+,1.6418692,0.0,0.0,0.0,0,0,0,0,0,True,False,True,obvious_non_tnk
GSE168163__S15_GTTCATTTCACCACCT,GSE168163,annotation_only,CD3+,1.6073031,0.0,0.0,0.0,0,0,0,0,0,True,False,True,obvious_non_tnk
GSE168163__S15_GTTCATTTCCCACTTG,GSE168163,annotation_only,CD3+,1.5166681,0.0,0.0,0.0,0,0,0,0,0,True,False,True,obvious_non_tnk
GSE168163__S15_TACCTATGTGATAAAC,GSE168163,annotation_only,CD3+,1.5448743,0.0,0.0,0.0,0,0,0,0,0,True,False,True,obvious_non_tnk
GSE168163__S15_TACGGATTCTTGTATC,GSE168163,annotation_only,CD3+,1.5893761,0.0,0.0,0.0,0,0,0,0,0,True,False,True,obvious_non_tnk
GSE168163__S15_TACGGTACATGGATGG,GSE168163,annotation_only,CD3+,1.5021092,0.0,0.0,0.0,0,0,0,0,0,True,False,True,obvious_non_tnk
GSE168163__S15_TACGGTAGTCAACTGT,GSE168163,annotation_only,CD3+,1.7014273,0.0,0.0,0.0,0,0,0,0,0,True,False,True,obvious_non_tnk
GSE168163__S15_TCAATCTAGAGGGATA,GSE168163,annotation_only,CD3+,1.6780332,0.0,0.0,0.0,0,0,0,0,0,True,False,True,obvious_non_tnk
GSE168163__S15_TCAATCTCATGGTCTA,GSE168163,annotation_only,CD3+,1.5039988,0.0,0.0,0.0,0,0,0,0,0,True,False,True,obvious_non_tnk
GSE168163__S15_TCACGAACAGACGTAG,GSE168163,annotation_only,CD3+,1.5802372,0.0,0.0,0.0,0,0,0,0,0,True,False,True,obvious_non_tnk
GSE168163__S15_TCGAGGCTCGGCGCTA,GSE168163,annotation_only,CD3+,1.6039989,0.0,0.0,0.0,0,0,0,0,0,True,False,True,obvious_non_tnk
GSE168163__S15_TCGGTAACAATGACCT,GSE168163,annotation_only,CD3+,1.5315619,0.0,0.0,0.0,0,0,0,0,0,True,False,True,obvious_non_tnk
GSE168163__S15_TCTGAGACAATAGAGT,GSE168163,annotation_only,CD3+,1.5129647,0.0,0.0,0.0,0,0,0,0,0,True,False,True,obvious_non_tnk
GSE168163__S15_TGAAAGAAGGTGCAAC,GSE168163,annotation_only,CD3+,1.5252751,0.0,0.0,0.0,0,0,0,0,0,True,False,True,obvious_non_tnk
GSE168163__S15_TGATTTCAGGACTGGT,GSE168163,annotation_only,CD3+,1.8902972,0.0,0.0,0.0,0,0,0,0,0,True,False,True,obvious_non_tnk
GSE168163__S15_TGCTACCTCCCGGATG,GSE168163,annotation_only,CD3+,1.5287033,0.0,0.0,0.0,0,0,0,0,0,True,False,True,obvious_non_tnk
GSE168163__S15_TGGCCAGAGATCTGAA,GSE168163,annotation_only,CD3+,1.7249491,0.0,0.0,0.0,0,0,0,0,0,True,False,True,obvious_non_tnk
GSE168163__S15_TGGCTGGCACCAGGCT,GSE168163,annotation_only,CD3+,1.5257449,0.0,0.0,0.0,0,0,0,0,0,True,False,True,obvious_non_tnk
GSE168163__S15_TGGTTCCGTACAGTGG,GSE168163,annotation_only,CD3+,1.5151609,0.0,0.0,0.0,0,0,0,0,0,True,False,True,obvious_non_tnk
GSE168163__S15_TGTATTCTCTGTACGA,GSE168163,annotation_only,CD3+,1.5756837,0.0,0.0,0.0,0,0,0,0,0,True,False,True,obvious_non_tnk
GSE168163__S15_TGTCCCACACGAAAGC,GSE168163,annotation_only,CD3+,1.8367494,0.0,0.0,0.0,0,0,0,0,0,True,False,True,obvious_non_tnk
GSE168163__S15_TGTTCCGTCAGAGCTT,GSE168163,annotation_only,CD3+,1.5752292,0.0,0.0,0.0,0,0,0,0,0,True,False,True,obvious_non_tnk
GSE168163__S15_TTATGCTAGGGAAACA,GSE168163,annotation_only,CD3+,1.5761448,0.0,0.0,0.0,0,0,0,0,0,True,False,True,obvious_non_tnk
GSE168163__S15_TTCTCAACACGTTGGC,GSE168163,annotation_only,CD3+,1.5332056,0.0,0.0,0.0,0,0,0,0,0,True,False,True,obvious_non_tnk
GSE168163__S15_TTCTTAGTCAGGTTCA,GSE168163,annotation_only,CD3+,1.5499026,0.0,0.0,0.0,0,0,0,0,0,True,False,True,obvious_non_tnk
GSE168163__S15_TTGTAGGGTCAGTGGA,GSE168163,annotation_only,CD3+,1.5769467,0.0,0.0,0.0,0,0,0,0,0,True,False,True,obvious_non_tnk
GSE168163__S15_TTTACTGAGAATGTTG,GSE168163,annotation_only,CD3+,1.5689394,0.0,0.0,0.0,0,0,0,0,0,True,False,True,obvious_non_tnk
GSE168163__S15_TTTACTGAGGACATTA,GSE168163,annotation_only,CD3+,1.5924894,0.0,0.0,0.0,0,0,0,0,0,True,False,True,obvious_non_tnk
GSE168163__S15_TTTCCTCAGCTCAACT,GSE168163,annotation_only,CD3+,1.5410209,0.0,0.0,0.0,0,0,0,0,0,True,False,True,obvious_non_tnk
GSE168163__S16_AGTGTCATCCTTTCTC,GSE168163,annotation_only,CD3+,1.5060645,0.0,0.0,0.0,0,0,0,0,0,True,False,True,obvious_non_tnk
GSE168163__S16_CTCGTACTCACCCGAG,GSE168163,annotation_only,CD3+,1.5626067,0.0,0.0,0.0,0,0,0,0,0,True,False,True,obvious_non_tnk
GSE168163__S16_GCGGGTTCAGATCTGT,GSE168163,annotation_only,CD3+,1.5390123,0.0,0.0,0.0,0,0,0,0,0,True,False,True,obvious_non_tnk
GSE168163__S16_GTGCAGCAGCTAGCCC,GSE168163,annotation_only,CD3+,1.6076598,0.0,0.0,0.0,0,0,0,0,0,True,False,True,obvious_non_tnk
GSE168859__S25_CTAGCCTTCACCCGAG_S25,GSE168859,annotation_only,CD3+ T cells,1.6194392,0.0,0.0,0.0,0,0,0,0,0,True,False,True,obvious_non_tnk
GSE168859__S10_CTAGCCTGTGGGTCAA_S10,GSE168859,annotation_only,CD3+ T cells,1.6319643,0.0,0.0,0.0,0,0,0,0,0,True,False,True,obvious_non_tnk
GSE168859__S10_TCGAGGCCACGCCAGT_S10,GSE168859,annotation_only,CD3+ T cells,1.5664072,0.0,0.0,0.0,0,0,0,0,0,True,False,True,obvious_non_tnk
GSE168859__S28_AAGGTTCAGGGATGGG_S28,GSE168859,annotation_only,CD3+ T cells,1.5098912,0.0,0.0,0.0,0,0,0,0,0,True,False,True,obvious_non_tnk
GSE168859__S28_ACCTTTAGTCCGTCAG_S28,GSE168859,annotation_only,CD3+ T cells,1.5157841,0.0,0.0,0.0,0,0,0,0,0,True,False,True,obvious_non_tnk
GSE168859__S28_ACTGAGTGTTACGTCA_S28,GSE168859,annotation_only,CD3+ T cells,1.5993919,0.0,0.0,0.0,0,0,0,0,0,True,False,True,obvious_non_tnk
GSE168859__S28_AGGTCCGGTCCGTGAC_S28,GSE168859,annotation_only,CD3+ T cells,1.5124362,0.0,0.0,0.0,0,0,0,0,0,True,False,True,obvious_non_tnk
GSE168859__S28_ATCGAGTCACATGACT_S28,GSE168859,annotation_only,CD3+ T cells,1.5653795,0.0,0.0,0.0,0,0,0,0,0,True,False,True,obvious_non_tnk
GSE168859__S28_ATTATCCTCATGCATG_S28,GSE168859,annotation_only,CD3+ T cells,1.5542014,0.0,0.0,0.0,0,0,0,0,0,True,False,True,obvious_non_tnk
GSE168859__S28_ATTGGTGGTCACACGC_S28,GSE168859,annotation_only,CD3+ T cells,1.6182737,0.0,0.0,0.0,0,0,0,0,0,True,False,True,obvious_non_tnk
GSE168859__S28_CAAGTTGCAGGTGGAT_S28,GSE168859,annotation_only,CD3+ T cells,1.5331477,0.0,0.0,0.0,0,0,0,0,0,True,False,True,obvious_non_tnk
GSE168859__S28_CAGCTGGCAACACCTA_S28,GSE168859,annotation_only,CD3+ T cells,1.6705232,0.0,0.0,0.0,0,0,0,0,0,True,False,True,obvious_non_tnk
GSE168859__S28_CCTCTGAAGGCTATCT_S28,GSE168859,annotation_only,CD3+ T cells,1.5188273,0.0,0.0,0.0,0,0,0,0,0,True,False,True,obvious_non_tnk
GSE168859__S28_CCTTACGTCCTATTCA_S28,GSE168859,annotation_only,CD3+ T cells,1.5786269,0.0,0.0,0.0,0,0,0,0,0,True,False,True,obvious_non_tnk
GSE168859__S28_CGAGCCACATATGAGA_S28,GSE168859,annotation_only,CD3+ T cells,1.6172545,0.0,0.0,0.0,0,0,0,0,0,True,False,True,obvious_non_tnk
GSE168859__S28_CGCTATCAGCGTTCCG_S28,GSE168859,annotation_only,CD3+ T cells,1.5179248,0.0,0.0,0.0,0,0,0,0,0,True,False,True,obvious_non_tnk
GSE168859__S28_GCACATATCAACGCTA_S28,GSE168859,annotation_only,CD3+ T cells,1.5389345,0.0,0.0,0.0,0,0,0,0,0,True,False,True,obvious_non_tnk
GSE168859__S28_GGCCGATCAAAGCGGT_S28,GSE168859,annotation_only,CD3+ T cells,1.6221902,0.0,0.0,0.0,0,0,0,0,0,True,False,True,obvious_non_tnk
GSE168859__S28_GGTATTGTCGATGAGG_S28,GSE168859,annotation_only,CD3+ T cells,1.5967638,0.0,0.0,0.0,0,0,0,0,0,True,False,True,obvious_non_tnk
GSE168859__S28_GTCATTTTCTTACCGC_S28,GSE168859,annotation_only,CD3+ T cells,1.5061309,0.0,0.0,0.0,0,0,0,0,0,True,False,True,obvious_non_tnk
GSE168859__S28_GTGAAGGAGCGTAGTG_S28,GSE168859,annotation_only,CD3+ T cells,1.698309,0.0,0.0,0.0,0,0,0,0,0,True,False,True,obvious_non_tnk
GSE168859__S28_GTTCGGGGTCTGGAGA_S28,GSE168859,annotation_only,CD3+ T cells,1.6168225,0.0,0.0,0.0,0,0,0,0,0,True,False,True,obvious_non_tnk
GSE168859__S28_TACGGTATCATCGGAT_S28,GSE168859,annotation_only,CD3+ T cells,1.5702325,0.0,0.0,0.0,0,0,0,0,0,True,False,True,obvious_non_tnk
GSE168859__S28_TCGCGTTAGCCGATTT_S28,GSE168859,annotation_only,CD3+ T cells,1.6606758,0.0,0.0,0.0,0,0,0,0,0,True,False,True,obvious_non_tnk
GSE168859__S28_TCGCGTTGTTACGCGC_S28,GSE168859,annotation_only,CD3+ T cells,1.5973563,0.0,0.0,0.0,0,0,0,0,0,True,False,True,obvious_non_tnk
GSE168859__S28_TGACTAGTCCCTGACT_S28,GSE168859,annotation_only,CD3+ T cells,1.6358705,0.0,0.0,0.0,0,0,0,0,0,True,False,True,obvious_non_tnk
GSE168859__S28_TGCCCATAGGTCATCT_S28,GSE168859,annotation_only,CD3+ T cells,1.554464,0.0,0.0,0.0,0,0,0,0,0,True,False,True,obvious_non_tnk
GSE168859__S28_TGGCCAGGTCTAGCGC_S28,GSE168859,annotation_only,CD3+ T cells,1.6015934,0.0,0.0,0.0,0,0,0,0,0,True,False,True,obvious_non_tnk
GSE168859__S28_TGGGCGTGTCTAGCCG_S28,GSE168859,annotation_only,CD3+ T cells,1.5654209,0.0,0.0,0.0,0,0,0,0,0,True,False,True,obvious_non_tnk
GSE168859__S6_GTGCGGTGTGCTCTTC_S6,GSE168859,annotation_only,CD3+ T cells,1.5075787,0.0,0.0,0.0,0,0,0,0,0,True,False,True,obvious_non_tnk
